[{"model": "admin.logentry", "pk": 1, "fields": {"action_time": "2024-10-30T00:54:18.336Z", "user": 5, "content_type": 13, "object_id": "1", "object_repr": "292ef997997a7f944b99e091276138949b08ae50", "action_flag": 1, "change_message": "[{\"added\": {}}]"}}, {"model": "admin.logentry", "pk": 2, "fields": {"action_time": "2024-10-30T01:01:05.617Z", "user": 5, "content_type": 10, "object_id": "20", "object_repr": "Natural Gas on 2023-10-31 for bob@example.com", "action_flag": 1, "change_message": "[{\"added\": {}}]"}}, {"model": "auth.permission", "pk": 1, "fields": {"name": "Can add log entry", "content_type": 1, "codename": "add_logentry"}}, {"model": "auth.permission", "pk": 2, "fields": {"name": "Can change log entry", "content_type": 1, "codename": "change_logentry"}}, {"model": "auth.permission", "pk": 3, "fields": {"name": "Can delete log entry", "content_type": 1, "codename": "delete_logentry"}}, {"model": "auth.permission", "pk": 4, "fields": {"name": "Can view log entry", "content_type": 1, "codename": "view_logentry"}}, {"model": "auth.permission", "pk": 5, "fields": {"name": "Can add permission", "content_type": 2, "codename": "add_permission"}}, {"model": "auth.permission", "pk": 6, "fields": {"name": "Can change permission", "content_type": 2, "codename": "change_permission"}}, {"model": "auth.permission", "pk": 7, "fields": {"name": "Can delete permission", "content_type": 2, "codename": "delete_permission"}}, {"model": "auth.permission", "pk": 8, "fields": {"name": "Can view permission", "content_type": 2, "codename": "view_permission"}}, {"model": "auth.permission", "pk": 9, "fields": {"name": "Can add group", "content_type": 3, "codename": "add_group"}}, {"model": "auth.permission", "pk": 10, "fields": {"name": "Can change group", "content_type": 3, "codename": "change_group"}}, {"model": "auth.permission", "pk": 11, "fields": {"name": "Can delete group", "content_type": 3, "codename": "delete_group"}}, {"model": "auth.permission", "pk": 12, "fields": {"name": "Can view group", "content_type": 3, "codename": "view_group"}}, {"model": "auth.permission", "pk": 13, "fields": {"name": "Can add content type", "content_type": 4, "codename": "add_contenttype"}}, {"model": "auth.permission", "pk": 14, "fields": {"name": "Can change content type", "content_type": 4, "codename": "change_contenttype"}}, {"model": "auth.permission", "pk": 15, "fields": {"name": "Can delete content type", "content_type": 4, "codename": "delete_contenttype"}}, {"model": "auth.permission", "pk": 16, "fields": {"name": "Can view content type", "content_type": 4, "codename": "view_contenttype"}}, {"model": "auth.permission", "pk": 17, "fields": {"name": "Can add session", "content_type": 5, "codename": "add_session"}}, {"model": "auth.permission", "pk": 18, "fields": {"name": "Can change session", "content_type": 5, "codename": "change_session"}}, {"model": "auth.permission", "pk": 19, "fields": {"name": "Can delete session", "content_type": 5, "codename": "delete_session"}}, {"model": "auth.permission", "pk": 20, "fields": {"name": "Can view session", "content_type": 5, "codename": "view_session"}}, {"model": "auth.permission", "pk": 21, "fields": {"name": "Can add category", "content_type": 6, "codename": "add_category"}}, {"model": "auth.permission", "pk": 22, "fields": {"name": "Can change category", "content_type": 6, "codename": "change_category"}}, {"model": "auth.permission", "pk": 23, "fields": {"name": "Can delete category", "content_type": 6, "codename": "delete_category"}}, {"model": "auth.permission", "pk": 24, "fields": {"name": "Can view category", "content_type": 6, "codename": "view_category"}}, {"model": "auth.permission", "pk": 25, "fields": {"name": "Can add sub category", "content_type": 7, "codename": "add_subcategory"}}, {"model": "auth.permission", "pk": 26, "fields": {"name": "Can change sub category", "content_type": 7, "codename": "change_subcategory"}}, {"model": "auth.permission", "pk": 27, "fields": {"name": "Can delete sub category", "content_type": 7, "codename": "delete_subcategory"}}, {"model": "auth.permission", "pk": 28, "fields": {"name": "Can view sub category", "content_type": 7, "codename": "view_subcategory"}}, {"model": "auth.permission", "pk": 29, "fields": {"name": "Can add emission category", "content_type": 8, "codename": "add_emissioncategory"}}, {"model": "auth.permission", "pk": 30, "fields": {"name": "Can change emission category", "content_type": 8, "codename": "change_emissioncategory"}}, {"model": "auth.permission", "pk": 31, "fields": {"name": "Can delete emission category", "content_type": 8, "codename": "delete_emissioncategory"}}, {"model": "auth.permission", "pk": 32, "fields": {"name": "Can view emission category", "content_type": 8, "codename": "view_emissioncategory"}}, {"model": "auth.permission", "pk": 33, "fields": {"name": "Can add emission factor", "content_type": 9, "codename": "add_emissionfactor"}}, {"model": "auth.permission", "pk": 34, "fields": {"name": "Can change emission factor", "content_type": 9, "codename": "change_emissionfactor"}}, {"model": "auth.permission", "pk": 35, "fields": {"name": "Can delete emission factor", "content_type": 9, "codename": "delete_emissionfactor"}}, {"model": "auth.permission", "pk": 36, "fields": {"name": "Can view emission factor", "content_type": 9, "codename": "view_emissionfactor"}}, {"model": "auth.permission", "pk": 37, "fields": {"name": "Can add emission", "content_type": 10, "codename": "add_emission"}}, {"model": "auth.permission", "pk": 38, "fields": {"name": "Can change emission", "content_type": 10, "codename": "change_emission"}}, {"model": "auth.permission", "pk": 39, "fields": {"name": "Can delete emission", "content_type": 10, "codename": "delete_emission"}}, {"model": "auth.permission", "pk": 40, "fields": {"name": "Can view emission", "content_type": 10, "codename": "view_emission"}}, {"model": "auth.permission", "pk": 41, "fields": {"name": "Can add user", "content_type": 11, "codename": "add_user"}}, {"model": "auth.permission", "pk": 42, "fields": {"name": "Can change user", "content_type": 11, "codename": "change_user"}}, {"model": "auth.permission", "pk": 43, "fields": {"name": "Can delete user", "content_type": 11, "codename": "delete_user"}}, {"model": "auth.permission", "pk": 44, "fields": {"name": "Can view user", "content_type": 11, "codename": "view_user"}}, {"model": "auth.permission", "pk": 45, "fields": {"name": "Can add Token", "content_type": 12, "codename": "add_token"}}, {"model": "auth.permission", "pk": 46, "fields": {"name": "Can change Token", "content_type": 12, "codename": "change_token"}}, {"model": "auth.permission", "pk": 47, "fields": {"name": "Can delete Token", "content_type": 12, "codename": "delete_token"}}, {"model": "auth.permission", "pk": 48, "fields": {"name": "Can view Token", "content_type": 12, "codename": "view_token"}}, {"model": "auth.permission", "pk": 49, "fields": {"name": "Can add Token", "content_type": 13, "codename": "add_tokenproxy"}}, {"model": "auth.permission", "pk": 50, "fields": {"name": "Can change Token", "content_type": 13, "codename": "change_tokenproxy"}}, {"model": "auth.permission", "pk": 51, "fields": {"name": "Can delete Token", "content_type": 13, "codename": "delete_tokenproxy"}}, {"model": "auth.permission", "pk": 52, "fields": {"name": "Can view Token", "content_type": 13, "codename": "view_tokenproxy"}}, {"model": "contenttypes.contenttype", "pk": 1, "fields": {"app_label": "admin", "model": "logentry"}}, {"model": "contenttypes.contenttype", "pk": 2, "fields": {"app_label": "auth", "model": "permission"}}, {"model": "contenttypes.contenttype", "pk": 3, "fields": {"app_label": "auth", "model": "group"}}, {"model": "contenttypes.contenttype", "pk": 4, "fields": {"app_label": "contenttypes", "model": "contenttype"}}, {"model": "contenttypes.contenttype", "pk": 5, "fields": {"app_label": "sessions", "model": "session"}}, {"model": "contenttypes.contenttype", "pk": 6, "fields": {"app_label": "calc", "model": "category"}}, {"model": "contenttypes.contenttype", "pk": 7, "fields": {"app_label": "calc", "model": "subcategory"}}, {"model": "contenttypes.contenttype", "pk": 8, "fields": {"app_label": "calc", "model": "emissioncategory"}}, {"model": "contenttypes.contenttype", "pk": 9, "fields": {"app_label": "calc", "model": "emissionfactor"}}, {"model": "contenttypes.contenttype", "pk": 10, "fields": {"app_label": "calc", "model": "emission"}}, {"model": "contenttypes.contenttype", "pk": 11, "fields": {"app_label": "user", "model": "user"}}, {"model": "contenttypes.contenttype", "pk": 12, "fields": {"app_label": "authtoken", "model": "token"}}, {"model": "contenttypes.contenttype", "pk": 13, "fields": {"app_label": "authtoken", "model": "tokenproxy"}}, {"model": "sessions.session", "pk": "gh2qdqt87722shlmk1hyxyjp9bqzkkvl", "fields": {"session_data": ".eJxVjDsOwjAQBe_iGlmx499S0ucM1q69wQHkSHFSIe5OIqWA9s3Me4uI21ri1niJUxZXYcXldyNMT64HyA-s91mmua7LRPJQ5EmbHObMr9vp_h0UbGWvnU-cFEMgUgBoYSRtVZ-wM50htzPw7HRvNRP7kBG1yUxJqVEF8EF8vvR-ODs:1t8Rlr:H8diXRjxzyisFestPX9Un7NDf_DNhm1BPPFsp0kKFcs", "expire_date": "2024-11-19T22:11:31.061Z"}}, {"model": "authtoken.token", "pk": "292ef997997a7f944b99e091276138949b08ae50", "fields": {"user": 1, "created": "2024-10-30T00:54:18.334Z"}}, {"model": "authtoken.token", "pk": "7d2cf75a8a59befc9f331cad720a1f5c5588e2e3", "fields": {"user": 5, "created": "2024-11-05T22:09:09.022Z"}}, {"model": "authtoken.token", "pk": "de2a8448934561c4439192e3aef73d15c7a63931", "fields": {"user": 6, "created": "2024-11-05T22:11:19.271Z"}}, {"model": "calc.emissioncategory", "pk": 1, "fields": {"name": "Household"}}, {"model": "calc.emissioncategory", "pk": 2, "fields": {"name": "Transportation"}}, {"model": "calc.emissioncategory", "pk": 3, "fields": {"name": "Meal"}}, {"model": "calc.emissioncategory", "pk": 4, "fields": {"name": "Drink"}}, {"model": "calc.emissionfactor", "pk": 1, "fields": {"category": 1, "name": "Electricity", "factor": 0.92, "unit": "kWh"}}, {"model": "calc.emissionfactor", "pk": 2, "fields": {"category": 1, "name": "Natural Gas", "factor": 2.05, "unit": "cubic meter"}}, {"model": "calc.emissionfactor", "pk": 3, "fields": {"category": 1, "name": "Heating Oil", "factor": 2.52, "unit": "liter"}}, {"model": "calc.emissionfactor", "pk": 4, "fields": {"category": 1, "name": "Propane", "factor": 1.51, "unit": "liter"}}, {"model": "calc.emissionfactor", "pk": 5, "fields": {"category": 2, "name": "Regular Gasoline", "factor": 8.89, "unit": "gallon"}}, {"model": "calc.emissionfactor", "pk": 6, "fields": {"category": 2, "name": "Midgrade Gasoline", "factor": 8.92, "unit": "gallon"}}, {"model": "calc.emissionfactor", "pk": 7, "fields": {"category": 2, "name": "Premium Gasoline", "factor": 8.94, "unit": "gallon"}}, {"model": "calc.emissionfactor", "pk": 8, "fields": {"category": 2, "name": "Diesel Fuel", "factor": 10.21, "unit": "gallon"}}, {"model": "calc.emissionfactor", "pk": 9, "fields": {"category": 3, "name": "Omnivore Meal", "factor": 2.5, "unit": "serving"}}, {"model": "calc.emissionfactor", "pk": 10, "fields": {"category": 3, "name": "Vegetarian Meal", "factor": 1.7, "unit": "serving"}}, {"model": "calc.emissionfactor", "pk": 11, "fields": {"category": 3, "name": "Vegan Meal", "factor": 1.5, "unit": "serving"}}, {"model": "calc.emissionfactor", "pk": 12, "fields": {"category": 4, "name": "Alcohol", "factor": 0.8, "unit": "serving"}}, {"model": "calc.emissionfactor", "pk": 13, "fields": {"category": 4, "name": "Coffee", "factor": 0.2, "unit": "cup"}}, {"model": "calc.emissionfactor", "pk": 14, "fields": {"category": 4, "name": "Milk", "factor": 0.6, "unit": "cup"}}, {"model": "calc.emissionfactor", "pk": 15, "fields": {"category": 4, "name": "Vegan Milk", "factor": 0.3, "unit": "cup"}}, {"model": "calc.emissionfactor", "pk": 16, "fields": {"category": 4, "name": "Soft Drink", "factor": 0.4, "unit": "cup"}}, {"model": "calc.emissionfactor", "pk": 17, "fields": {"category": 4, "name": "Water", "factor": 0.05, "unit": "cup"}}, {"model": "calc.emission", "pk": 1, "fields": {"user": 1, "date": "2024-10-30", "category": 1, "emission_factor": 1, "quantity": 20.0, "total_emissions_kg": 18.400000000000002}}, {"model": "calc.emission", "pk": 2, "fields": {"user": 1, "date": "2024-10-29", "category": 2, "emission_factor": 5, "quantity": 6.0, "total_emissions_kg": 53.34}}, {"model": "calc.emission", "pk": 3, "fields": {"user": 1, "date": "2024-10-28", "category": 3, "emission_factor": 9, "quantity": 2.0, "total_emissions_kg": 5.0}}, {"model": "calc.emission", "pk": 4, "fields": {"user": 1, "date": "2024-10-27", "category": 4, "emission_factor": 13, "quantity": 4.0, "total_emissions_kg": 0.8}}, {"model": "calc.emission", "pk": 5, "fields": {"user": 2, "date": "2024-10-30", "category": 1, "emission_factor": 2, "quantity": 12.0, "total_emissions_kg": 24.599999999999998}}, {"model": "calc.emission", "pk": 6, "fields": {"user": 2, "date": "2024-10-29", "category": 2, "emission_factor": 8, "quantity": 5.0, "total_emissions_kg": 51.050000000000004}}, {"model": "calc.emission", "pk": 7, "fields": {"user": 2, "date": "2024-10-28", "category": 3, "emission_factor": 10, "quantity": 3.0, "total_emissions_kg": 5.1}}, {"model": "calc.emission", "pk": 8, "fields": {"user": 2, "date": "2024-10-27", "category": 4, "emission_factor": 14, "quantity": 2.0, "total_emissions_kg": 1.2}}, {"model": "calc.emission", "pk": 9, "fields": {"user": 3, "date": "2024-10-30", "category": 1, "emission_factor": 4, "quantity": 15.0, "total_emissions_kg": 22.65}}, {"model": "calc.emission", "pk": 10, "fields": {"user": 3, "date": "2024-10-29", "category": 2, "emission_factor": 6, "quantity": 4.0, "total_emissions_kg": 35.68}}, {"model": "calc.emission", "pk": 11, "fields": {"user": 3, "date": "2024-10-28", "category": 3, "emission_factor": 11, "quantity": 3.0, "total_emissions_kg": 4.5}}, {"model": "calc.emission", "pk": 12, "fields": {"user": 3, "date": "2024-10-27", "category": 4, "emission_factor": 15, "quantity": 2.0, "total_emissions_kg": 0.6}}, {"model": "calc.emission", "pk": 13, "fields": {"user": 4, "date": "2024-10-30", "category": 1, "emission_factor": 3, "quantity": 18.0, "total_emissions_kg": 45.36}}, {"model": "calc.emission", "pk": 14, "fields": {"user": 4, "date": "2024-10-29", "category": 2, "emission_factor": 7, "quantity": 7.0, "total_emissions_kg": 62.58}}, {"model": "calc.emission", "pk": 15, "fields": {"user": 4, "date": "2024-10-28", "category": 3, "emission_factor": 9, "quantity": 1.0, "total_emissions_kg": 2.5}}, {"model": "calc.emission", "pk": 16, "fields": {"user": 4, "date": "2024-10-27", "category": 4, "emission_factor": 12, "quantity": 3.0, "total_emissions_kg": 2.4000000000000004}}, {"model": "calc.emission", "pk": 17, "fields": {"user": 5, "date": "2024-10-29", "category": 1, "emission_factor": 1, "quantity": 10.5, "total_emissions_kg": 9.66}}, {"model": "calc.emission", "pk": 18, "fields": {"user": 1, "date": "2023-10-31", "category": 1, "emission_factor": 5, "quantity": 10.5, "total_emissions_kg": 93.345}}, {"model": "calc.emission", "pk": 19, "fields": {"user": 1, "date": "2023-10-31", "category": 1, "emission_factor": 5, "quantity": 10.5, "total_emissions_kg": 93.345}}, {"model": "calc.emission", "pk": 20, "fields": {"user": 4, "date": "2023-10-31", "category": 3, "emission_factor": 2, "quantity": 2.0, "total_emissions_kg": 4.1}}, {"model": "user.user", "pk": 1, "fields": {"password": "pbkdf2_sha256$870000$Cr2sRiTMJRgH2gi8jSTyvk$jdUpuzXu/TQnJFURkLiXdT300O+MW9iFR8Xj/CuV14g=", "last_login": null, "email": "filip@gmail.com", "first_name": "", "last_name": "", "dob": null, "profile_img": "", "state": "", "country": "", "is_active": true, "is_staff": false, "is_superuser": false, "is_verified": false, "groups": [], "user_permissions": []}}, {"model": "user.user", "pk": 2, "fields": {"password": "pbkdf2_sha256$870000$WHSwEwkXJbaakz4GNtZDD8$PdFTIS6kvu9LUkiPPzElDe2k2hJ+EgMyimuo9rSexCI=", "last_login": null, "email": "martin@gmail.com", "first_name": "", "last_name": "", "dob": null, "profile_img": "", "state": "", "country": "", "is_active": true, "is_staff": false, "is_superuser": false, "is_verified": false, "groups": [], "user_permissions": []}}, {"model": "user.user", "pk": 3, "fields": {"password": "pbkdf2_sha256$870000$poC6wGKPFb4x8uhQO1UzWg$Hoae7RTnbKKkB/b/PPNt/mFvZzzyk9VZwkoGE128jdc=", "last_login": null, "email": "alice@example.com", "first_name": "", "last_name": "", "dob": null, "profile_img": "", "state": "", "country": "", "is_active": true, "is_staff": false, "is_superuser": false, "is_verified": false, "groups": [], "user_permissions": []}}, {"model": "user.user", "pk": 4, "fields": {"password": "pbkdf2_sha256$870000$W3XeQz5YLJtvrrLgcMUAyk$16jy+dw2bt/WyuoGV4HjLo6TMj/cVbU4WnBS5y8EH3g=", "last_login": null, "email": "bob@example.com", "first_name": "", "last_name": "", "dob": null, "profile_img": "", "state": "", "country": "", "is_active": true, "is_staff": false, "is_superuser": false, "is_verified": false, "groups": [], "user_permissions": []}}, {"model": "user.user", "pk": 5, "fields": {"password": "pbkdf2_sha256$870000$RvQk7kZKlDwAbP86KFWujC$JiLuY5DpPOGAlvxyvN7Jbm7RdgndvtH9OiUzLifZr9M=", "last_login": "2024-11-05T22:11:31.060Z", "email": "admin@gmail.com", "first_name": "", "last_name": "", "dob": null, "profile_img": "", "state": "", "country": "", "is_active": true, "is_staff": true, "is_superuser": true, "is_verified": false, "groups": [], "user_permissions": []}}, {"model": "user.user", "pk": 6, "fields": {"password": "pbkdf2_sha256$870000$GDif0ncwPJTSZx4GxBbWqC$gqtfayHxjDrRBGylA+8XVsAW+UCYGy4tSndlP6qH3H4=", "last_login": null, "email": "newuser@example.com", "first_name": "John", "last_name": "Doe", "dob": "1990-01-01", "profile_img": "", "state": "California", "country": "USA", "is_active": true, "is_staff": false, "is_superuser": false, "is_verified": false, "groups": [], "user_permissions": []}}]